"title","year","runtime","rating","critic_score","gross","IsDrama","IsComedy"
"The Great Debaters",2007,126,"PG-13",7.5,30.23,"Yes","No"
"Coraline",2009,100,"PG",7.7,75.29,"Yes","No"
"Mission to Mars",2000,114,"PG",5.7,60.88,"No","No"
"Scrooge",1970,113,"G",7.5,3.7,"Yes","No"
"The Perks of Being a Wallflower",2012,103,"PG-13",7.9,17.74,"Yes","No"
"Green Zone",2010,115,"R",6.8,35.05,"Yes","No"
"Casualties of War",1989,113,"R",7.1,18.67,"Yes","No"
"Bullet Train",2022,127,"R",7.3,103.37,"No","Yes"
"V for Vendetta",2005,132,"R",8.2,70.51,"Yes","No"
"Madea's Family Reunion",2006,107,"PG-13",5.3,63.32,"Yes","Yes"
"Charlotte's Web",1973,94,"G",6.9,5.23,"Yes","No"
"The Karate Kid",2010,140,"PG",6.2,176.59,"Yes","No"
"Heaven Is for Real",2014,99,"PG",5.8,91.44,"Yes","No"
"The Mission",1986,125,"PG",7.4,17.22,"Yes","No"
"Warcraft",2016,123,"PG-13",6.7,47.37,"No","No"
"Phenomenon",1996,123,"PG",6.4,104.64,"Yes","No"
"Step Up",2006,104,"PG-13",6.5,65.33,"Yes","No"
"Sonic the Hedgehog 2",2022,122,"PG",6.5,190.87,"No","Yes"
"Reno 911!: Miami",2007,84,"R",5.9,20.34,"No","Yes"
"The Good Dinosaur",2015,93,"PG",6.7,123.09,"No","Yes"
"Texas Killing Fields",2011,105,"R",5.7,0.05,"Yes","No"
"Papillon",2017,133,"R",7.2,2.34,"No","No"
"Pitch Black",2000,109,"R",7,39.24,"No","No"
"The Secret Life of Bees",2008,114,"PG-13",7.2,37.77,"Yes","No"
"The SpongeBob Movie: Sponge Out of Water",2015,92,"PG",6,162.99,"No","Yes"
"The Birds",1963,119,"PG-13",7.6,11.4,"Yes","No"
"Turtles Can Fly",2004,98,"PG-13",8,0.26,"Yes","No"
"Valerian and the City of a Thousand Planets",2017,136,"PG-13",6.4,41.19,"No","No"
"TRON: Legacy",2010,125,"PG",6.8,172.06,"No","No"
"National Lampoon's European Vacation",1985,95,"PG-13",6.2,49.4,"No","Yes"
"Courage Under Fire",1996,116,"R",6.6,59.03,"Yes","No"
"Ocean's Twelve",2004,125,"PG-13",6.5,125.54,"No","No"
"Little Big Man",1970,139,"PG-13",7.5,31.56,"Yes","Yes"
"Cold Souls",2009,101,"PG-13",6.4,0.9,"Yes","Yes"
"Good Burger",1997,95,"PG",5.7,23.69,"No","Yes"
"Lady Bird",2017,94,"R",7.4,48.96,"Yes","Yes"
"Walking Tall",2004,86,"PG-13",6.3,46.44,"No","No"
"Words and Pictures",2013,111,"PG-13",6.6,2.17,"Yes","Yes"
"Men in Black",1997,98,"PG-13",7.3,250.69,"No","Yes"
"Life or Something Like It",2002,103,"PG-13",5.7,14.45,"No","Yes"
"Sister Act",1992,100,"PG",6.5,139.61,"No","Yes"
"The Girl Who Played with Fire",2009,129,"R",7.1,9.08,"Yes","No"
"Project Almanac",2015,106,"PG-13",6.3,22.35,"Yes","No"
"Halloween Kills",2021,105,"R",5.5,92,"No","No"
"The Ledge",2011,101,"R",6.5,0.01,"Yes","No"
"Ghost",1990,127,"PG-13",7.1,217.63,"Yes","No"
"Memento",2000,113,"R",8.4,25.54,"No","No"
"Norma Rae",1979,114,"PG",7.3,22.23,"Yes","No"
"Sea of Love",1989,113,"R",6.8,58.57,"Yes","No"
"Obsession",1976,98,"PG",6.7,1,"Yes","No"
"Charlotte's Web",2006,97,"G",6.3,82.99,"No","Yes"
"Running on Empty",1988,116,"PG-13",7.6,2.84,"Yes","No"
"My Big Fat Greek Wedding",2002,95,"PG",6.6,241.44,"Yes","Yes"
"Pitch Perfect 3",2017,93,"PG-13",5.8,104.9,"No","Yes"
"The Dressmaker",2015,119,"R",7,2.02,"Yes","Yes"
"Glory Road",2006,118,"PG",7.2,42.64,"Yes","No"
"Atonement",2007,123,"R",7.8,50.93,"Yes","No"
"Bloody Sunday",2002,111,"R",7.6,0.77,"Yes","No"
"28 Days Later",2002,113,"R",7.5,45.06,"Yes","No"
"The Invisible Man",2020,124,"R",7.1,70.41,"Yes","No"
"The Time Machine",2002,96,"PG-13",6,56.68,"No","No"
"Robin and Marian",1976,106,"PG",6.5,8.72,"Yes","No"
"Medicine Man",1992,106,"PG-13",6,45.5,"Yes","No"
"Total Recall",2012,118,"PG-13",6.2,58.88,"No","No"
"Spider-Man 3",2007,139,"PG-13",6.3,336.53,"No","No"
"Jack Reacher",2012,130,"PG-13",7,80.07,"No","No"
"Nashville",1975,160,"R",7.6,14.82,"Yes","Yes"
"V/H/S",2012,116,"R",5.8,0.1,"No","No"
"Saving Silverman",2001,90,"PG-13",5.8,19.35,"No","Yes"
"Charlie and the Chocolate Factory",2005,115,"PG",6.7,206.46,"No","Yes"
"Absolute Power",1997,121,"R",6.7,50.01,"Yes","No"
"Star Wars: Episode III - Revenge of the Sith",2005,140,"PG-13",7.6,380.26,"No","No"
"Raising Arizona",1987,94,"PG-13",7.3,22.85,"No","Yes"
"Bandits",2001,123,"PG-13",6.5,41.58,"Yes","Yes"
"The Book of Eli",2010,118,"R",6.8,94.84,"Yes","No"
"Beowulf & Grendel",2005,103,"R",5.8,0.07,"Yes","No"
"Accepted",2006,93,"PG-13",6.4,36.32,"No","Yes"
"Videodrome",1983,87,"R",7.2,2.12,"No","No"
"Animal Crackers",1930,97,"G",7.4,0.91,"No","Yes"
"Analyze That",2002,96,"R",5.9,32.12,"No","Yes"
"The Reader",2008,124,"R",7.6,34.19,"Yes","No"
"Shall We Dance?",1996,136,"PG",7.7,9.68,"Yes","Yes"
"Their Finest",2016,117,"R",6.8,3.6,"Yes","Yes"
"The Woman in Black",2012,95,"PG-13",6.4,54.33,"Yes","No"
"The Eagle",2011,114,"PG-13",6.2,19.49,"Yes","No"
"Star Trek IV: The Voyage Home",1986,119,"PG",7.3,109.71,"No","Yes"
"Merry Christmas Mr. Lawrence",1983,123,"R",7.2,2.31,"Yes","No"
"I'm Still Here",2010,108,"R",6.2,0.41,"Yes","Yes"
"Darkness Falls",2003,86,"PG-13",4.9,32.55,"No","No"
"Tulip Fever",2017,105,"R",6.2,2.43,"Yes","No"
"Flight",2012,138,"R",7.3,93.77,"Yes","No"
"Replicas",2018,107,"PG-13",5.4,4.05,"Yes","No"
"Your Name.",2016,106,"PG",8.4,5.02,"Yes","No"
"Sukiyaki Western Django",2007,121,"R",6.1,0.05,"No","No"
"Spectre",2015,148,"PG-13",6.8,200.07,"No","No"
"Promised Land",2012,106,"R",6.6,7.6,"Yes","No"
"The Two Jakes",1990,137,"R",6.1,10.01,"Yes","No"
"The Aftermath",2019,108,"R",6.3,1.62,"Yes","No"
"Waiting for Forever",2010,95,"PG-13",5.9,0.03,"Yes","Yes"
"HouseSitter",1992,102,"PG",6.2,58.5,"No","Yes"
"Star Wars: Episode I - The Phantom Menace",1999,136,"PG",6.5,474.54,"No","No"
"The Virgin Suicides",1999,97,"R",7.2,4.86,"Yes","No"
"Whatever Works",2009,93,"PG-13",7.1,5.31,"No","Yes"
"Total Eclipse",1995,111,"R",6.5,0.34,"Yes","No"
"Syriana",2005,128,"R",6.9,50.82,"Yes","No"
"Poetic Justice",1993,109,"R",6.1,27.52,"Yes","No"
"The Fly II",1989,105,"R",5.1,20.02,"Yes","No"
"Megan Leavey",2017,116,"PG-13",7.1,13.41,"Yes","No"
"Halloween II",1981,92,"R",6.5,25.53,"No","No"
"The Graduate",1967,106,"PG",8,104.95,"Yes","Yes"
"The Terminator",1984,107,"R",8.1,38.4,"No","No"
"21 & Over",2013,93,"R",5.8,25.68,"No","Yes"
"The Kite Runner",2007,128,"PG-13",7.6,15.8,"Yes","No"
"The Girl Who Kicked the Hornet's Nest",2009,147,"R",7.3,5.43,"Yes","No"
"The Divide",2011,112,"R",5.8,0.02,"Yes","No"
"Transformers",2007,144,"PG-13",7,319.25,"No","No"
"Almost Famous",2000,122,"R",7.9,32.53,"Yes","Yes"
"View from the Top",2003,87,"PG-13",5.3,15.59,"No","Yes"
"Role Models",2008,99,"R",6.8,67.29,"No","Yes"
"Stomp the Yard",2007,115,"PG-13",5.4,61.36,"Yes","No"
"Starsky & Hutch",2004,101,"PG-13",6.1,88.24,"No","Yes"
"Dodgeball: A True Underdog Story",2004,92,"PG-13",6.7,114.33,"No","Yes"
"Brokeback Mountain",2005,134,"R",7.7,83.04,"Yes","No"
"Extract",2009,92,"R",6.1,10.81,"No","Yes"
"Wayne's World",1992,94,"PG-13",7,121.7,"No","Yes"
"Frankenstein",1994,123,"R",6.3,22.01,"Yes","No"
"Resident Evil: Welcome to Raccoon City",2021,107,"R",5.2,17,"No","No"
"Flipper",1996,95,"PG",5.3,20.05,"No","Yes"
"Colossal",2016,109,"R",6.2,3.02,"Yes","Yes"
"Blackhat",2015,133,"R",5.4,7.1,"No","No"
"Twilight",2008,122,"PG-13",5.3,192.77,"Yes","No"
"A Nightmare on Elm Street",2010,95,"R",5.2,63.08,"Yes","No"
"Honey",2003,94,"PG-13",5.3,30.31,"Yes","No"
"Missing Link",2019,93,"PG",6.7,16.65,"No","Yes"
"Hall Pass",2011,105,"R",5.9,45.06,"No","Yes"
"Strangers on a Train",1951,101,"PG",7.9,7.63,"Yes","No"
"Mystery Men",1999,121,"PG-13",6.1,29.76,"No","Yes"
"This Is the End",2013,107,"R",6.6,101.47,"No","Yes"
"Teenage Mutant Ninja Turtles: Out of the Shadows",2016,112,"PG-13",5.9,82.05,"No","Yes"
"The Nightingale",2018,136,"R",7.3,0.39,"Yes","No"
"Quick Change",1990,89,"R",6.8,15.26,"No","Yes"
"Machete",2010,105,"R",6.6,26.59,"No","No"
"Seven Psychopaths",2012,110,"R",7.1,15.02,"No","Yes"
"Atlas Shrugged: Part I",2011,97,"PG-13",5.6,4.75,"Yes","No"
"Fireproof",2008,122,"PG",6.4,33.46,"Yes","No"
"Magnum Force",1973,124,"R",7.2,4.56,"No","No"
"If I Stay",2014,107,"PG-13",6.7,50.47,"Yes","No"
"From Hell",2001,122,"R",6.7,31.6,"No","No"
"Captain America: The First Avenger",2011,124,"PG-13",6.9,176.65,"No","No"
"Plunkett & Macleane",1999,99,"R",6.3,0.47,"No","Yes"
"Pete's Dragon",2016,102,"PG",6.7,76.23,"No","Yes"
"Changing Lanes",2002,98,"R",6.5,66.82,"Yes","No"
"Sydney White",2007,108,"PG-13",6.2,11.89,"Yes","Yes"
"Dunston Checks In",1996,88,"PG",5.3,9.87,"No","Yes"
"Star Trek: First Contact",1996,111,"PG-13",7.6,92,"Yes","No"
"Beowulf",2007,115,"PG-13",6.3,82.16,"No","No"
"The Lawnmower Man",1992,108,"R",5.4,32.1,"No","No"
"Revolutionary Road",2008,119,"R",7.3,22.91,"Yes","No"
"Gandhi",1982,191,"PG",8,52.77,"Yes","No"
"The Joneses",2009,96,"R",6.4,1.47,"Yes","Yes"
"The Kids Are All Right",2010,106,"R",7,20.81,"Yes","Yes"
"Ben-Hur",2016,123,"PG-13",5.7,26.41,"Yes","No"
"Batman Forever",1995,121,"PG-13",5.4,184.03,"No","No"
"The Grand Seduction",2013,113,"PG-13",7,3.41,"No","Yes"
"Infernal Affairs",2002,101,"R",8,0.17,"Yes","No"
"Death Wish 4: The Crackdown",1987,99,"R",5.4,6.88,"Yes","No"
"The Purge",2013,85,"R",5.7,64.47,"No","No"
"Sex and the City",2008,145,"R",5.7,152.65,"Yes","Yes"
"The Astronaut Farmer",2006,104,"PG",6.3,11,"Yes","No"
"Annie",1982,127,"PG",6.6,57.06,"Yes","Yes"
"Goosebumps",2015,103,"PG",6.3,80.08,"No","Yes"
"Miss You Already",2015,112,"PG-13",6.8,1.16,"Yes","Yes"
"Out of the Furnace",2013,116,"R",6.7,11.33,"Yes","No"
"Bedazzled",2000,93,"PG-13",6.1,37.88,"No","Yes"
"Swimming with Sharks",1994,93,"R",7,0.38,"No","Yes"
"The Secret in Their Eyes",2009,129,"R",8.2,6.39,"Yes","No"
"Forbidden Planet",1956,98,"G",7.5,3,"No","No"
"Red Eye",2005,85,"PG-13",6.5,57.89,"No","No"
"A Thousand Words",2012,91,"PG-13",5.8,18.44,"Yes","Yes"
"Smiley Face",2007,85,"R",5.8,0.01,"No","Yes"
"Kick-Ass",2010,117,"R",7.6,48.07,"No","Yes"
"Double Jeopardy",1999,105,"R",6.5,116.74,"Yes","No"
"Watchmen",2009,162,"R",7.6,107.51,"Yes","No"
"Roman J. Israel, Esq.",2017,122,"PG-13",6.5,11.96,"Yes","No"
"The Ladies Man",2000,84,"R",5.2,13.59,"No","Yes"
"Safe",1995,119,"R",7.1,0.51,"Yes","No"
"Collateral Damage",2002,108,"R",5.5,40.08,"Yes","No"
"xXx: Return of Xander Cage",2017,107,"PG-13",5.2,44.9,"No","No"
"The Toy",1982,102,"PG",5.8,47.12,"No","Yes"
"The Tigger Movie",2000,77,"G",6.3,45.55,"No","Yes"
"Battle of the Sexes",2017,121,"PG-13",6.7,12.64,"Yes","Yes"
"Return to Me",2000,115,"PG",6.9,32.66,"Yes","Yes"
"Get Shorty",1995,105,"R",6.9,72.08,"No","Yes"
"10",1979,122,"R",6.1,74.87,"No","Yes"
"Wonder Woman 1984",2020,151,"PG-13",5.4,46.37,"No","No"
"Walk of Shame",2014,95,"R",6,0.04,"No","Yes"
"From Russia with Love",1963,115,"PG",7.3,24.8,"No","No"
"Georgia Rule",2007,113,"R",5.9,18.88,"Yes","Yes"
"The Mist",2007,126,"R",7.1,25.59,"No","No"
"Dheepan",2015,115,"R",7.2,0.25,"Yes","No"
"A Bigger Splash",2015,125,"R",6.4,1.98,"Yes","No"
"Summer Catch",2001,104,"PG-13",5.1,19.69,"Yes","Yes"
"Serena",2014,109,"R",5.4,0.18,"Yes","No"
"Barney's Version",2010,134,"R",7.3,7.5,"Yes","Yes"
"The Notebook",2004,123,"PG-13",7.8,81,"Yes","No"
"The Rocketeer",1991,108,"PG",6.5,46.7,"No","No"
"Unsane",2018,98,"R",6.4,7.73,"Yes","No"
"Fair Game",2010,108,"PG-13",6.8,9.53,"Yes","No"
"Nightcrawler",2014,117,"R",7.8,32.38,"Yes","No"
"Code 46",2003,93,"R",6.1,0.2,"Yes","No"
"Captain America: Civil War",2016,147,"PG-13",7.8,408.08,"No","No"
"Toys",1992,118,"PG-13",5.1,21.45,"Yes","Yes"
"Hot Pursuit",2015,87,"PG-13",5.1,34.51,"No","Yes"
"Transcendence",2014,119,"PG-13",6.2,23.02,"Yes","No"
"Mansfield Park",1999,112,"PG-13",7,4.76,"Yes","Yes"
"Revenge",1990,124,"R",6.2,15.65,"Yes","No"
"I Love You to Death",1990,97,"R",6.4,16.19,"No","Yes"
"Dunkirk",2017,106,"PG-13",7.8,188.37,"Yes","No"
"Toy Soldiers",1991,111,"R",6.6,15.07,"Yes","No"
"The Right Stuff",1983,193,"PG",7.8,21.5,"Yes","No"
"Borg vs. McEnroe",2017,107,"R",6.9,14.11,"Yes","No"
"The Truth About Cats & Dogs",1996,97,"PG-13",6.3,34.07,"No","Yes"
"Nope",2022,130,"R",6.8,123.28,"No","No"
"The Paper",1994,112,"R",6.7,38.82,"Yes","Yes"
"The Godfather Part III",1990,162,"R",7.6,66.67,"Yes","No"
"Everybody's Fine",2009,99,"PG-13",7.1,8.86,"Yes","No"
"One Hundred and One Dalmatians",1961,79,"G",7.3,144.88,"No","Yes"
"The Pelican Brief",1993,141,"PG-13",6.6,100.77,"Yes","No"
"Ghost in the Shell",2017,107,"PG-13",6.3,40.56,"Yes","No"
"Johnny Handsome",1989,94,"R",6.1,7.24,"Yes","No"
"Unfaithful",2002,124,"R",6.7,52.8,"Yes","No"
"For Your Consideration",2006,86,"PG-13",6.3,5.54,"No","Yes"
"Hellraiser: Bloodline",1996,85,"R",5,16.68,"No","No"
"High-Rise",2015,119,"R",5.5,0.34,"Yes","No"
"Romeo & Juliet",2013,118,"PG-13",5.8,1.16,"Yes","No"
"Ghostbusters II",1989,108,"PG",6.6,112.49,"No","Yes"
"Inside Llewyn Davis",2013,104,"R",7.4,13.24,"Yes","No"
"Suspect",1987,121,"R",6.6,18.78,"Yes","No"
"The Expendables 3",2014,126,"PG-13",6.1,39.32,"No","No"
"The Package",1989,108,"R",6.4,10.65,"Yes","No"
"The Hand That Rocks the Cradle",1992,110,"R",6.7,88.04,"Yes","No"
"Restless",2011,91,"PG-13",6.7,0.16,"Yes","No"
"A Good Woman",2004,93,"PG",6.4,0.22,"Yes","Yes"
"The Boys from Brazil",1978,125,"R",7,19,"Yes","No"
"The Exorcist",1973,122,"R",8.1,232.91,"No","No"
"You Again",2010,105,"PG",5.7,25.7,"No","Yes"
"Self/less",2015,117,"PG-13",6.5,12.28,"No","No"
"Sisters",2015,118,"R",6,87.04,"No","Yes"
"Bullet to the Head",2012,92,"R",5.7,9.48,"No","No"
"The Water Horse",2007,112,"PG",6.4,40.41,"No","No"
"Hercules",2014,98,"PG-13",6,72.69,"No","No"
"Valentine's Day",2010,125,"PG-13",5.7,110.49,"No","Yes"
"Byzantium",2012,118,"R",6.5,0.08,"Yes","No"
"Eva",2011,94,"PG-13",6.6,0.01,"Yes","No"
"Trespass",2011,91,"R",5.3,0.02,"Yes","No"
"Escape from L.A.",1996,101,"R",5.7,25.48,"No","No"
"The Girl in the Spider's Web",2018,115,"R",6.1,14.84,"Yes","No"
"Bully",2001,108,"R",6.9,1.54,"Yes","No"
"Ace Ventura: Pet Detective",1994,86,"PG-13",6.9,72.22,"No","Yes"
"The Flowers of War",2011,146,"R",7.5,0.01,"Yes","No"
"An American Tail",1986,80,"G",6.9,47.48,"No","Yes"
"Grumpy Old Men",1993,103,"PG-13",7,70.17,"Yes","Yes"
"Bugsy",1991,136,"R",6.8,49.11,"Yes","No"
"Blank Check",1994,93,"PG",5.3,30.58,"No","Yes"
"Crossroads",1986,99,"R",7.1,5.84,"Yes","No"
"The Little Prince",2015,108,"PG",7.7,1.34,"Yes","No"
"Beavis and Butt-Head Do America",1996,81,"PG-13",6.8,63.12,"No","Yes"
"Blind Fury",1989,86,"R",6.3,2.69,"No","Yes"
"Brainstorm",1983,106,"PG",6.4,8.9,"No","No"
"Sleepaway Camp",1983,84,"R",6.2,11,"No","No"
"House on Haunted Hill",1999,93,"R",5.6,40.85,"No","No"
"Chaplin",1992,143,"PG-13",7.5,9.49,"Yes","Yes"
"Soapdish",1991,97,"PG-13",6.6,36.49,"No","Yes"
"Fantastic Beasts: The Crimes of Grindelwald",2018,134,"PG-13",6.5,159.56,"No","No"
"50 First Dates",2004,99,"PG-13",6.8,120.91,"Yes","Yes"
"Pulp Fiction",1994,154,"R",8.9,107.93,"Yes","No"
"Inland Empire",2006,180,"R",6.8,0.75,"Yes","No"
"Woman on Top",2000,92,"R",5.3,5.02,"No","Yes"
"Frida",2002,123,"R",7.3,25.89,"Yes","No"
"Less Than Zero",1987,98,"R",6.4,12.4,"Yes","No"
"Creed",2015,133,"PG-13",7.6,109.77,"Yes","No"
"The Longest Day",1962,178,"G",7.7,39.1,"Yes","No"
"Mad Money",2008,104,"PG-13",5.9,20.67,"No","Yes"
"War Horse",2011,146,"PG-13",7.2,79.88,"Yes","No"
"The Man Who Copied",2003,124,"R",7.6,0.02,"Yes","Yes"
"Angels in the Outfield",1994,102,"PG",6.2,50.24,"Yes","Yes"
"The Lunchbox",2013,104,"PG",7.8,4.23,"Yes","No"
"A Time to Kill",1996,149,"R",7.5,108.77,"Yes","No"
"SLC Punk!",1998,97,"R",7.4,0.3,"Yes","Yes"
"Man of Steel",2013,143,"PG-13",7.1,291.05,"No","No"
"The Son of No One",2011,90,"R",5.1,0.03,"Yes","No"
"Cujo",1983,93,"R",6.1,21.2,"No","No"
"American Psycho",2000,102,"R",7.6,15.07,"Yes","No"
"Mermaids",1990,110,"PG-13",6.7,35.42,"Yes","Yes"
"A Cinderella Story",2004,95,"PG",5.9,51.44,"No","Yes"
"Picture Perfect",1997,101,"PG-13",5.5,31.06,"Yes","Yes"
"Starship Troopers",1997,129,"R",7.3,54.81,"No","No"
"Ch√©ri",2009,86,"R",6.1,2.71,"Yes","Yes"
"A War",2015,115,"R",7,0.12,"Yes","No"
"Tristan + Isolde",2006,125,"PG-13",6.8,14.73,"Yes","No"
"Widows",2018,129,"R",6.8,42.4,"Yes","No"
"Joker",2019,122,"R",8.4,335.45,"Yes","No"
"Official Secrets",2019,112,"R",7.3,0.4,"Yes","No"
"Investigation of a Citizen Above Suspicion",1970,115,"R",8,0.27,"Yes","No"
"I Am Love",2009,120,"R",7,5.01,"Yes","No"
"Ghosts of Mars",2001,98,"R",4.9,8.43,"No","No"
"The Other Sister",1999,129,"PG-13",6.4,27.8,"Yes","Yes"
"Stigmata",1999,103,"R",6.2,50.05,"No","No"
"Big Jake",1971,110,"PG-13",7.1,16.35,"Yes","No"
"American Assassin",2017,111,"R",6.2,36.25,"No","No"
"Titanic",1997,194,"PG-13",7.9,659.33,"Yes","No"
"Mr. Holmes",2015,104,"PG",6.8,17.74,"Yes","No"
"Ma",2019,99,"R",5.6,45.37,"No","No"
"I Love You, Man",2009,105,"R",7,71.44,"No","Yes"
"Margot at the Wedding",2007,91,"R",6,1.96,"Yes","Yes"
"Dirty Girl",2010,90,"R",6.4,0.05,"Yes","Yes"
"Vampire Academy",2014,104,"PG-13",5.4,7.79,"Yes","Yes"
"Kickboxer",1989,97,"R",6.4,14.7,"No","No"
"A Night at the Roxbury",1998,82,"PG-13",6.2,30.32,"No","Yes"
"The Meddler",2015,103,"PG-13",6.3,4.27,"Yes","Yes"
"Get Out",2017,104,"R",7.8,176.04,"No","No"
"The Salvation",2014,92,"R",6.7,0.01,"Yes","No"
"Berlin Syndrome",2017,116,"R",6.3,0.03,"Yes","No"
"Hereafter",2010,129,"PG-13",6.5,32.75,"Yes","No"
"Green Room",2015,95,"R",7,3.22,"Yes","No"
"Scream",1996,111,"R",7.4,103.05,"No","No"
"The Giver",2014,97,"PG-13",6.4,45.09,"Yes","No"
"The Nativity Story",2006,101,"PG",6.8,37.63,"Yes","No"
"Ready to Wear",1994,133,"R",5.2,11.3,"Yes","Yes"
"The Innocents",2016,115,"PG-13",7.3,1.06,"Yes","No"
"Far and Away",1992,140,"PG-13",6.6,58.88,"Yes","No"
"Candyman",2021,91,"R",5.9,61.19,"No","No"
"Another 48 Hrs.",1990,95,"R",5.9,80.82,"No","Yes"
"Diner",1982,110,"R",7.1,14.1,"Yes","Yes"
"Lucy",2014,89,"R",6.4,126.66,"No","No"
"Enemy Mine",1985,108,"PG-13",6.8,4.27,"Yes","No"
"Millennium Actress",2001,87,"PG",7.8,0.19,"Yes","No"
"Something Wild",1986,114,"R",6.9,8.36,"No","Yes"
"Child's Play",2019,90,"R",5.7,29.21,"Yes","No"
"The Secret Life of Pets",2016,87,"PG",6.5,368.38,"No","Yes"
"The Three Musketeers",1993,105,"PG",6.4,53.9,"No","No"
"Mamma Mia! Here We Go Again",2018,114,"PG-13",6.6,120.63,"No","Yes"
"Cadillac Records",2008,109,"R",7,8.2,"Yes","No"
"Red State",2011,88,"R",6.1,1.1,"No","No"
"The Danish Girl",2015,119,"R",7.1,11.11,"Yes","No"
"The Final Countdown",1980,103,"PG",6.6,16.65,"No","No"
"I, Frankenstein",2014,92,"PG-13",5.1,19.08,"No","No"
"The Damned United",2009,98,"R",7.5,0.45,"Yes","No"
"Bleed for This",2016,117,"R",6.8,4.85,"Yes","No"
"The Longest Yard",1974,121,"R",7.1,7.13,"Yes","Yes"
"101 Dalmatians",1996,103,"G",5.7,136.19,"No","Yes"
"Mile 22",2018,94,"R",6.1,36.11,"No","No"
"Madagascar: Escape 2 Africa",2008,89,"PG",6.6,180.01,"No","Yes"
"Escape from the Planet of the Apes",1971,98,"G",6.3,12.3,"No","No"
"Silverado",1985,133,"PG-13",7.2,33.2,"Yes","No"
"My Father the Hero",1994,90,"PG",5.5,25.48,"No","Yes"
"Into the Woods",2014,125,"PG",5.9,128,"Yes","Yes"
"What We Do in the Shadows",2014,86,"R",7.6,3.33,"No","Yes"
"Two for the Money",2005,122,"R",6.2,22.86,"Yes","No"
"Romeo and Juliet",1968,138,"PG",7.6,38.9,"Yes","No"
"The Midnight Meat Train",2008,100,"R",6,0.08,"No","No"
"Return to Paradise",1998,111,"R",6.9,8.29,"Yes","No"
"Terminator 3: Rise of the Machines",2003,109,"R",6.3,150.37,"No","No"
"The Grifters",1990,110,"R",6.9,13.45,"Yes","No"
"World Trade Center",2006,129,"PG-13",6,70.28,"Yes","No"
"Something's Gotta Give",2003,128,"PG-13",6.7,124.73,"Yes","Yes"
"Punisher: War Zone",2008,103,"R",5.9,8.05,"Yes","No"
"The Way Back",2010,133,"PG-13",7.3,2.7,"Yes","No"
"Beautiful Boy",2018,120,"R",7.3,7.65,"Yes","No"
"3 Ninjas",1992,84,"PG",5.3,29,"No","Yes"
"The Irishman",2019,209,"R",7.8,7,"Yes","No"
"Once",2007,86,"R",7.8,9.44,"Yes","No"
"Ernest & Celestine",2012,80,"PG",7.8,0.29,"No","Yes"
"August: Osage County",2013,121,"R",7.2,37.74,"Yes","Yes"
"Around the World in 80 Days",2004,120,"PG",5.8,24.01,"No","Yes"
"The Outlaw Josey Wales",1976,135,"PG",7.8,31.8,"No","No"
"The Uninvited",2009,87,"PG-13",6.3,28.57,"Yes","No"
"Irrational Man",2015,95,"R",6.6,4.03,"Yes","Yes"
"The Walk",2015,123,"PG",7.3,10.14,"Yes","No"
"Colette",2018,111,"R",6.7,5.14,"Yes","No"
"A Hard Day's Night",1964,87,"G",7.5,13.78,"No","Yes"
"District B13",2004,84,"R",7.1,1.2,"No","No"
"Oculus",2013,104,"R",6.5,27.7,"No","No"
"The Glass Castle",2017,127,"PG-13",7.1,17.27,"Yes","No"
"S1m0ne",2002,117,"PG-13",6.1,9.68,"Yes","Yes"
"Good Morning, Vietnam",1987,121,"R",7.3,123.92,"Yes","Yes"
"The Rookie",1990,120,"R",5.9,21.63,"Yes","No"
"My Dinner with Andre",1981,110,"PG",7.7,5.25,"Yes","Yes"
"The Fast and the Furious",2001,106,"PG-13",6.8,144.53,"No","No"
"The Day After Tomorrow",2004,124,"PG-13",6.5,186.74,"No","No"
"Under Siege 2: Dark Territory",1995,100,"R",5.5,50.02,"No","No"
"House of Wax",2005,113,"R",5.4,32.06,"No","No"
"Halloween",1978,91,"R",7.7,47,"No","No"
"Striking Distance",1993,102,"R",5.8,23.8,"No","No"
"The Boat That Rocked",2009,117,"R",7.3,7.99,"Yes","Yes"
"The Grandmaster",2013,130,"PG-13",6.5,6.59,"Yes","No"
"The Bay",2012,84,"R",5.7,0.03,"No","No"
"Chances Are",1989,108,"PG",6.4,16.28,"No","Yes"
"New Jack City",1991,97,"R",6.6,47.62,"Yes","No"
"Masters of the Universe",1987,106,"PG",5.3,17.34,"No","No"
"Tokyo Sonata",2008,120,"PG-13",7.5,0.28,"Yes","No"
"Saturday Night Fever",1977,118,"R",6.8,94.21,"Yes","No"
"Hellraiser III: Hell on Earth",1992,97,"R",5.5,12.53,"No","No"
"Mike and Dave Need Wedding Dates",2016,98,"R",6,46.01,"No","Yes"
"Swing Kids",1993,112,"PG-13",6.7,5.63,"Yes","No"
"Rachel Getting Married",2008,113,"R",6.7,12.8,"Yes","No"
"Darkman",1990,96,"R",6.4,33.88,"No","No"
"Definitely, Maybe",2008,112,"PG-13",7.1,31.97,"Yes","Yes"
"Bernie",2011,104,"PG-13",6.8,9.2,"No","Yes"
"Dances with Wolves",1990,181,"PG-13",8,184.21,"Yes","No"
"Love, Simon",2018,110,"PG-13",7.5,40.83,"Yes","Yes"
"The Silence of the Lambs",1991,118,"R",8.6,130.74,"Yes","No"
"The Chumscrubber",2005,108,"R",6.9,0.05,"Yes","Yes"
"Mr. Deeds",2002,96,"PG-13",5.8,126.29,"No","Yes"
"Kung Fu Hustle",2004,99,"R",7.7,17.11,"No","Yes"
"Outsourced",2006,103,"PG-13",7,0.16,"Yes","Yes"
"Overboard",2018,112,"PG-13",6,50.32,"No","Yes"
"Nanny McPhee Returns",2010,109,"PG",6.1,29.2,"No","Yes"
"Incredibles 2",2018,118,"PG",7.6,608.58,"No","No"
"Monte Carlo",2011,109,"PG",5.8,23.19,"No","Yes"
"Basic Instinct",1992,127,"R",7,117.73,"Yes","No"
"Sherlock Gnomes",2018,86,"PG",5.2,43.24,"No","Yes"
"The Next Three Days",2010,133,"PG-13",7.3,21.15,"Yes","No"
"The Foot Fist Way",2006,85,"R",6.2,0.23,"No","Yes"
"Bridget Jones's Diary",2001,97,"R",6.8,71.54,"Yes","Yes"
"The Forgotten",2004,91,"PG-13",5.8,66.64,"Yes","No"
"National Lampoon's Vacation",1983,98,"R",7.3,61.4,"No","Yes"
"Night Watch",2004,114,"R",6.4,1.49,"No","No"
"The Flower of My Secret",1995,103,"R",7,1.16,"Yes","Yes"
"Scooby-Doo 2: Monsters Unleashed",2004,93,"PG",5.2,84.22,"No","Yes"
"Cry Wolf",2005,90,"PG-13",5.8,10.05,"Yes","No"
"Hector and the Search for Happiness",2014,114,"R",6.9,1.12,"Yes","Yes"
"Don't Look Now",1973,110,"R",7.1,0.98,"Yes","No"
"Cobra",1986,87,"R",5.8,49.04,"No","No"
"Taking Lives",2004,103,"R",6.2,32.68,"No","No"
"World War Z",2013,116,"PG-13",7,202.36,"No","No"
"Breaking Away",1979,101,"PG",7.7,16.42,"Yes","Yes"
"The Pirates! Band of Misfits",2012,88,"PG",6.7,31.05,"No","Yes"
"Piranha 3D",2010,88,"R",5.5,25,"No","Yes"
"Neruda",2016,107,"R",6.8,0.94,"Yes","No"
"Psycho III",1986,93,"R",5.4,14.48,"No","No"
"Cold Pursuit",2019,119,"R",6.2,32.14,"No","Yes"
"Failure to Launch",2006,97,"PG-13",5.6,88.72,"No","Yes"
"John Q",2002,116,"PG-13",7.1,71.76,"Yes","No"
"Just Wright",2010,100,"PG",5.9,21.52,"No","Yes"
"Onward",2020,102,"PG",7.4,61.56,"No","Yes"
"Vanilla Sky",2001,136,"R",6.9,100.61,"No","No"
"Bad News Bears",2005,113,"PG-13",5.8,32.87,"No","Yes"
"Tenacious D in the Pick of Destiny",2006,94,"R",6.8,8.32,"No","Yes"
"Marnie",1964,130,"PG",7.1,7,"Yes","No"
"I, Robot",2004,115,"PG-13",7.1,144.8,"No","No"
"Fire Down Below",1997,105,"R",5.1,16.23,"Yes","No"
"Beautiful Girls",1996,112,"R",7.1,10.6,"Yes","Yes"
"Exotica",1994,103,"R",7,4.18,"Yes","No"
"The Hole in the Ground",2019,90,"R",5.6,0.02,"Yes","No"
"The Judge",2014,141,"R",7.4,47.12,"Yes","No"
"Dracula 2000",2000,99,"R",4.9,33.02,"No","No"
"Ocean's Thirteen",2007,122,"PG-13",6.9,117.15,"No","No"
"Hunt for the Wilderpeople",2016,101,"PG-13",7.8,5.2,"Yes","Yes"
"The In-Laws",2003,98,"PG-13",5.7,20.44,"No","Yes"
"Peter Rabbit 2: The Runaway",2021,93,"PG",6.2,40.5,"No","Yes"
"The Air I Breathe",2007,95,"R",6.7,0.03,"Yes","No"
"Caramel",2007,95,"PG",7.1,1.06,"Yes","Yes"
"Reign Over Me",2007,124,"R",7.4,19.66,"Yes","No"
"Signs",2002,106,"PG-13",6.8,227.97,"Yes","No"
"Henry's Crime",2010,108,"R",5.9,0.1,"Yes","Yes"
"The Mummy",2017,110,"PG-13",5.4,80.1,"No","No"
"Addams Family Values",1993,94,"PG-13",6.8,48.92,"No","Yes"
"RV",2006,99,"PG",5.6,71.73,"No","Yes"
"The Greatest Showman",2017,105,"PG",7.5,174.34,"Yes","No"
"The Heartbreak Kid",2007,116,"R",5.8,36.79,"No","Yes"
"Instructions Not Included",2013,122,"PG-13",7.5,44.47,"Yes","Yes"
"Ghost Rider",2007,110,"PG-13",5.3,115.8,"No","No"
"Christmas with the Kranks",2004,99,"PG",5.4,73.78,"No","Yes"
"Conan the Destroyer",1984,103,"PG",5.9,31.04,"No","No"
"M. Butterfly",1993,101,"R",6.7,1.5,"Yes","No"
"Extraordinary Measures",2010,106,"PG",6.4,11.85,"Yes","No"
"Us",2019,116,"R",6.8,175.08,"No","No"
"The Little Stranger",2018,111,"R",5.5,0.71,"Yes","No"
"Insidious: Chapter 3",2015,97,"PG-13",6.1,52.22,"No","No"
"Dead Men Don't Wear Plaid",1982,88,"PG",6.8,18.2,"No","Yes"
"The Duchess",2008,110,"PG-13",6.9,13.82,"Yes","No"
"Seems Like Old Times",1980,102,"PG",6.7,44,"No","Yes"
"Tower Heist",2011,104,"PG-13",6.2,78.05,"No","Yes"
"The Quiet American",2002,101,"R",7,12.99,"Yes","No"
"Empire Records",1995,90,"PG-13",6.7,0.3,"Yes","Yes"
"The Lorax",2012,86,"PG",6.4,214.03,"No","Yes"
"Spider-Man: Homecoming",2017,133,"PG-13",7.4,334.2,"No","No"
"Jennifer 8",1992,124,"R",6.3,11.39,"Yes","No"
"Terminator Genisys",2015,126,"PG-13",6.3,89.76,"No","No"
"My Fair Lady",1964,170,"G",7.8,72,"Yes","No"
"The Prince of Tides",1991,132,"R",6.8,74.79,"Yes","No"
"Beauty Shop",2005,105,"PG-13",5.6,36.35,"No","Yes"
"Human Traffic",1999,99,"R",7.1,0.1,"No","Yes"
"Trumbo",2015,124,"R",7.4,7.86,"Yes","No"
"After We Collided",2020,105,"R",5,2.39,"Yes","No"
"The Namesake",2006,122,"PG-13",7.5,8.66,"Yes","No"
"The End of the Affair",1999,102,"R",7,10.66,"Yes","No"
"It's All Gone Pete Tong",2004,90,"R",7.2,0.12,"Yes","Yes"
"Children of the Corn",1984,92,"R",5.6,14.57,"No","No"
"Upgrade",2018,100,"R",7.5,11.98,"No","No"
"Super",2010,96,"R",6.7,0.32,"No","Yes"
"Morning Glory",2010,107,"PG-13",6.5,31.01,"Yes","Yes"
"Splice",2009,104,"R",5.8,17,"No","No"
"Maid in Manhattan",2002,105,"PG-13",5.3,94.01,"Yes","Yes"
"Tales from the Darkside: The Movie",1990,93,"R",6.2,16.32,"No","Yes"
"8MM",1999,123,"R",6.6,36.66,"Yes","No"
"Populaire",2012,111,"R",6.8,0.18,"No","Yes"
"Charlie's Angels",2000,98,"PG-13",5.6,125.31,"No","Yes"
"War Room",2015,120,"PG",6.4,67.79,"Yes","No"
"The Machinist",2004,101,"R",7.6,1.08,"Yes","No"
"Black Cat, White Cat",1998,127,"R",8,0.35,"No","Yes"
"Contact",1997,150,"PG",7.5,100.92,"Yes","No"
"Casablanca",1942,102,"PG",8.5,1.02,"Yes","No"
"Wind River",2017,107,"R",7.7,33.8,"Yes","No"
"Blood and Chocolate",2007,98,"PG-13",5.3,3.53,"Yes","No"
"27 Dresses",2008,111,"PG-13",6.1,76.81,"No","Yes"
"Friday",1995,91,"R",7.2,27.47,"Yes","Yes"
"The Mexican",2001,123,"R",6.1,66.81,"Yes","Yes"
"Taken 2",2012,92,"PG-13",6.2,139.85,"No","No"
"The Predator",2018,107,"R",5.3,51.02,"No","No"
"Mars Attacks!",1996,106,"PG-13",6.4,37.77,"No","Yes"
"Jurassic Park",1993,127,"PG-13",8.2,402.45,"No","No"
"The Shawshank Redemption",1994,142,"R",9.3,28.34,"Yes","No"
"Quest for Camelot",1998,86,"G",6.2,22.72,"No","Yes"
"Don Juan DeMarco",1994,97,"PG-13",6.7,22.15,"Yes","Yes"
"Anna",2013,99,"R",6.4,0,"Yes","No"
"Stan & Ollie",2018,98,"PG",7.2,5.47,"Yes","Yes"
"The Naked Gun: From the Files of Police Squad!",1988,85,"PG-13",7.6,78.76,"No","Yes"
"The Social Network",2010,120,"PG-13",7.8,96.96,"Yes","No"
"Mortal Kombat",2021,110,"R",6.1,42.2,"No","No"
"How to Lose a Guy in 10 Days",2003,116,"PG-13",6.4,105.81,"No","Yes"
"Wanted",2008,110,"R",6.7,134.51,"No","No"
"The Greatest Game Ever Played",2005,120,"PG",7.4,15.33,"Yes","No"
"With a Friend Like Harry...",2000,117,"R",7.1,3.82,"Yes","Yes"
"Jeepers Creepers",2001,90,"R",6.2,37.9,"No","No"
"Where the Heart Is",2000,120,"PG-13",6.7,33.77,"Yes","Yes"
"Maniac Cop",1988,85,"R",6,0.67,"No","No"
"Girl Most Likely",2012,103,"PG-13",5.7,1.38,"No","Yes"
"Casino",1995,178,"R",8.2,42.44,"Yes","No"
"Free State of Jones",2016,139,"R",6.9,20.76,"Yes","No"
"How to Lose Friends & Alienate People",2008,110,"R",6.4,2.78,"Yes","Yes"
"Inside Man",2006,129,"R",7.6,88.51,"Yes","No"
"10 Cloverfield Lane",2016,103,"PG-13",7.2,72.08,"Yes","No"
"Remember the Titans",2000,113,"PG",7.8,115.65,"Yes","No"
"Death at a Funeral",2010,92,"R",5.7,42.74,"Yes","Yes"
"Pirates of the Caribbean: Dead Men Tell No Tales",2017,129,"PG-13",6.5,172.56,"No","No"
"A Most Violent Year",2014,125,"R",7,5.74,"Yes","No"
"Arizona Dream",1993,142,"R",7.2,0.11,"Yes","Yes"
"A Nightmare on Elm Street",1984,91,"R",7.4,25.5,"No","No"
"The Favourite",2018,119,"R",7.5,34.37,"Yes","Yes"
"Seeking a Friend for the End of the World",2012,101,"R",6.7,6.62,"Yes","Yes"
"Star Trek III: The Search for Spock",1984,105,"PG",6.6,76.47,"No","No"
"The World According to Garp",1982,136,"R",7.1,29.71,"Yes","Yes"
"The Book of Henry",2017,105,"PG-13",6.6,4.22,"Yes","No"
"Hotel Transylvania",2012,91,"PG",7,148.31,"No","Yes"
"Who's Harry Crumb?",1989,94,"PG-13",5.9,10.98,"No","Yes"
"Rosewater",2014,103,"R",6.6,3.13,"Yes","No"
"City Heat",1984,97,"PG",5.5,38.35,"No","Yes"
"Diary of a Mad Black Woman",2005,116,"PG-13",5.7,50.63,"Yes","Yes"
"The Rum Diary",2011,119,"R",6.1,13.1,"Yes","Yes"
"Battle Los Angeles",2011,116,"PG-13",5.7,83.55,"No","No"
"3000 Miles to Graceland",2001,125,"R",5.9,15.74,"No","Yes"
"Meet the Parents",2000,108,"PG-13",7,166.24,"No","Yes"
"The Texas Chainsaw Massacre: The Beginning",2006,91,"R",5.8,39.52,"No","No"
"Broken Arrow",1996,108,"R",6.1,70.77,"No","No"
"Silent House",2011,86,"R",5.2,12.56,"No","No"
"The Wedding Planner",2001,103,"PG-13",5.3,60.4,"No","Yes"
"Drag Me to Hell",2009,99,"PG-13",6.6,42.1,"No","No"
"Battle for Terra",2007,85,"PG",6.5,1.65,"No","No"
"Under the Silver Lake",2018,139,"R",6.5,0.05,"Yes","No"
"Saw VI",2009,90,"R",6,27.69,"No","No"
"Chitty Chitty Bang Bang",1968,144,"G",6.9,7.5,"No","No"
"The Loft",2014,108,"R",6.3,5.98,"No","No"
"Ravenous",1999,101,"R",6.9,2.06,"Yes","No"
"Midnight Express",1978,121,"R",7.5,35,"Yes","No"
"Waking Life",2001,99,"R",7.7,2.89,"Yes","No"
"Jujutsu Kaisen 0",2021,112,"PG-13",7.8,34.54,"No","No"
"Ice Age: The Meltdown",2006,91,"PG",6.8,195.33,"No","Yes"
"Shutter",2008,85,"PG-13",5.2,25.93,"No","No"
"Death Becomes Her",1992,104,"PG-13",6.6,58.42,"No","Yes"
"The Edge of Seventeen",2016,104,"R",7.3,14.43,"Yes","Yes"
"Transformers: Revenge of the Fallen",2009,149,"PG-13",5.9,402.11,"No","No"
"Village of the Damned",1995,98,"R",5.6,9.42,"No","No"
"The Express",2008,130,"PG",7.2,9.59,"Yes","No"
"Snow Dogs",2002,99,"PG",5.2,81.17,"No","Yes"
"The Sweetest Thing",2002,84,"R",5.2,24.72,"No","Yes"
"Twister",1996,113,"PG-13",6.5,241.72,"No","No"
"The Manchurian Candidate",2004,129,"R",6.6,65.96,"Yes","No"
"The Guest",2014,100,"R",6.7,0.32,"No","No"
"Brazil",1985,132,"R",7.9,9.93,"Yes","No"
"Made of Honor",2008,101,"PG-13",5.8,46.01,"No","Yes"
"The Bridges of Madison County",1995,135,"PG-13",7.6,71.52,"Yes","No"
"K-9",1989,101,"PG-13",6,43.25,"No","Yes"
"High Anxiety",1977,94,"PG",6.6,31.06,"No","Yes"
"47 Meters Down",2017,89,"PG-13",5.6,44.31,"No","No"
"Abominable",2019,97,"PG",7,60.72,"No","Yes"
"Shrek the Third",2007,93,"PG",6.1,320.71,"No","Yes"
"The Birdcage",1996,117,"R",7.2,124.06,"No","Yes"
"2010: The Year We Make Contact",1984,116,"PG",6.7,40.2,"No","No"
"The Informers",2008,98,"R",4.9,0.3,"Yes","No"
"The Chronicles of Narnia: The Lion, the Witch and the Wardrobe",2005,143,"PG",6.9,291.71,"No","No"
"Dope",2015,103,"R",7.2,17.51,"No","Yes"
"Miller's Crossing",1990,115,"R",7.7,5.08,"Yes","No"
"Once Upon a Time in Mexico",2003,102,"R",6.3,56.36,"No","No"
"Leap!",2016,89,"PG",6.7,24.7,"No","Yes"
"The Inbetweeners",2011,97,"R",6.7,0.04,"No","Yes"
"The Glimmer Man",1996,91,"R",5.4,20.1,"No","Yes"
"A Life Less Ordinary",1997,103,"R",6.3,4.27,"No","Yes"
"Star Trek",2009,127,"PG-13",7.9,257.73,"No","No"
"The Huntsman: Winter's War",2016,114,"PG-13",6.1,48.39,"Yes","No"
"The Long Kiss Goodnight",1996,121,"R",6.8,33.33,"Yes","No"
"Just Visiting",2001,88,"PG-13",5.7,4.78,"No","Yes"
"Airport '77",1977,114,"PG",5.8,30,"Yes","No"
"Interview",2007,84,"R",6.8,0.42,"Yes","No"
"Sky Captain and the World of Tomorrow",2004,106,"PG",6.1,37.76,"No","No"
"Pirates of the Caribbean: The Curse of the Black Pearl",2003,143,"PG-13",8.1,305.41,"No","No"
"La Vie En Rose",2007,140,"PG-13",7.6,10.3,"Yes","No"
"Shrek Forever After",2010,95,"PG",6.3,238.37,"No","Yes"
"Bug",2006,102,"R",6.1,7.01,"Yes","No"
"Half Baked",1998,82,"R",6.6,17.28,"No","Yes"
"The Ref",1994,97,"R",6.9,11.44,"Yes","Yes"
"Chocolat",2000,121,"PG-13",7.3,71.51,"Yes","No"
"The Possession",2012,92,"PG-13",5.9,49.13,"No","No"
"Bruce Almighty",2003,101,"PG-13",6.8,242.83,"No","Yes"
"Get Rich or Die Tryin'",2005,117,"R",5.4,30.98,"Yes","No"
"Upside Down",2012,109,"PG-13",6.3,0.1,"Yes","No"
"Rounders",1998,121,"R",7.3,22.91,"Yes","No"
"The Music Man",1962,151,"G",7.8,14.95,"No","Yes"
"The Mask",1994,101,"PG-13",6.9,119.94,"No","Yes"
"Logan's Run",1976,119,"PG",6.8,25,"No","No"
"Jude",1996,123,"R",6.9,0.41,"Yes","No"
"Uncommon Valor",1983,105,"R",6.3,30.5,"Yes","No"
"Dante's Peak",1997,108,"PG-13",6,67.13,"No","No"
"Look Who's Talking",1989,93,"PG-13",5.9,140.09,"No","Yes"
"A Love Song for Bobby Long",2004,119,"R",7.1,0.16,"Yes","No"
"The Guru",2002,94,"R",5.4,3.03,"No","Yes"
"Elvis & Nixon",2016,86,"R",6.4,1.03,"No","Yes"
"Wonder",2017,113,"PG",7.9,132.42,"Yes","No"
"Hotel Transylvania 3: Summer Vacation",2018,97,"PG",6.3,167.51,"No","Yes"
"Obvious Child",2014,84,"R",6.7,3.12,"Yes","Yes"
"The Prince and Me",2004,111,"PG",5.8,28.18,"No","Yes"
"Wadjda",2012,98,"PG",7.5,1.35,"Yes","Yes"
"Joshua",2007,106,"R",5.8,0.48,"Yes","No"
"Heaven's Gate",1980,219,"R",6.7,3.48,"Yes","No"
